mean_fit_time,std_fit_time,mean_score_time,std_score_time,param_logisticregression__C,param_logisticregression__class_weight,params,split0_test_score,split1_test_score,split2_test_score,split3_test_score,split4_test_score,mean_test_score,std_test_score,rank_test_score,modelo,param_l2_regularization,param_max_leaf_nodes
0.0034361362457275392,0.000655527855822062,0.0013451099395751954,0.00018242255404098232,0.1,,"{'logisticregression__C': 0.1, 'logisticregression__class_weight': None}",0.7419081203169926,0.7260799070016477,0.684649789333171,0.785662713047534,0.7614801368668859,0.7399561333132463,0.03408086194432234,4,logistica,,
0.0037244319915771484,9.17376448989229e-05,0.001228475570678711,2.763294988404221e-05,0.1,balanced,"{'logisticregression__C': 0.1, 'logisticregression__class_weight': 'balanced'}",0.7363029939340229,0.7242834768273645,0.6794476092505451,0.7805238706675047,0.7533381882788718,0.7347792277916618,0.033499486647245884,6,logistica,,
0.003484201431274414,0.0002157916747148758,0.0013434410095214844,0.00023584408264492216,1.0,,"{'logisticregression__C': 1.0, 'logisticregression__class_weight': None}",0.7502414794790876,0.7373209151297719,0.6858024624345799,0.784058641889138,0.7764384545652043,0.7467723906995564,0.03489709728070849,2,logistica,,
0.004147577285766602,8.75527301260917e-05,0.0013014793395996094,0.0001413395046796241,1.0,balanced,"{'logisticregression__C': 1.0, 'logisticregression__class_weight': 'balanced'}",0.7384785789164559,0.7267949626902223,0.6800062154828224,0.772432157948838,0.7677320411041051,0.7370887912284887,0.03333009812053108,5,logistica,,
0.0035274505615234377,0.00010455130704354132,0.0013126850128173829,0.00015011356313157192,10.0,,"{'logisticregression__C': 10.0, 'logisticregression__class_weight': None}",0.7528344106790378,0.7351066378226805,0.6947062564053952,0.7731029393337718,0.7810147645239564,0.7473530017529684,0.03081516713336345,1,logistica,,
0.004225587844848633,8.045821326147938e-05,0.0012097835540771484,1.648601981086742e-05,10.0,balanced,"{'logisticregression__C': 10.0, 'logisticregression__class_weight': 'balanced'}",0.7370893958725945,0.7310978801983242,0.6865336103422721,0.7710151230655296,0.7748811615502165,0.7401234342057874,0.03201540656068044,3,logistica,,
0.06621041297912597,0.001684074574835438,0.004839086532592773,0.00010904324394594178,,,"{'l2_regularization': 1.0, 'max_leaf_nodes': 7}",0.8427761132470686,0.924328939296415,0.8829889437632503,0.8700358545567409,0.8630056139055808,0.8766270929538112,0.027169163521866622,2,boosting,1.0,7.0
0.11615018844604492,0.004343826462679236,0.006452131271362305,0.0009429780433616845,,,"{'l2_regularization': 1.0, 'max_leaf_nodes': 15}",0.8504673737840202,0.9266115007652741,0.9287344841158136,0.8757486551546645,0.8847298360983669,0.8932583699836278,0.030270055719261477,1,boosting,1.0,15.0
0.07050328254699707,0.007721721856567157,0.0049326419830322266,0.00011641469216176455,,,"{'l2_regularization': 10.0, 'max_leaf_nodes': 7}",0.8177495992551536,0.8884475635702836,0.8541095825440976,0.8676189883669921,0.8355305166377601,0.8526912500748575,0.024571417241991505,4,boosting,10.0,7.0
0.10964426994323731,0.0019704212977077196,0.005421972274780274,0.000109635491953047,,,"{'l2_regularization': 10.0, 'max_leaf_nodes': 15}",0.8191735998219594,0.9087221253580688,0.8970311118328734,0.8842714977984826,0.8486021702340728,0.8715601010090914,0.033053835319177376,3,boosting,10.0,15.0
