faixa,n,probabilidade_media,fracao_churn
"(-0.001, 0.1]",452,0.012266105127219472,0.008849557522123894
"(0.1, 0.2]",30,0.1495004133494559,0.1
"(0.2, 0.3]",12,0.2520686957054384,0.25
"(0.3, 0.4]",6,0.3558899662685067,0.3333333333333333
"(0.4, 0.5]",5,0.43164729658078355,0.2
"(0.5, 0.6]",39,0.5238290070964473,0.5384615384615384
"(0.6, 0.7]",20,0.6396718876672185,0.5
"(0.7, 0.8]",11,0.7310211482986083,0.45454545454545453
"(0.8, 0.9]",10,0.8454628487494759,0.7
"(0.9, 1.0]",46,0.9700681765641437,0.9347826086956522
