linha_fonte,grupo_perfil,particao,churn
0,1617,teste,0
1,495,treino,0
2,1867,teste,0
3,1877,treino,0
4,876,treino,0
5,1992,calibracao,0
6,998,teste,0
7,2176,calibracao,0
8,1485,teste,0
9,1487,treino,0
10,1339,teste,0
11,1748,calibracao,0
12,2688,treino,0
13,1005,treino,0
14,1741,treino,0
15,871,treino,0
16,453,treino,1
17,751,treino,0
18,440,teste,1
19,869,teste,0
20,1474,calibracao,0
21,1612,treino,0
22,2658,calibracao,1
23,2614,treino,0
24,2227,treino,1
25,611,teste,0
26,1726,treino,1
27,1805,treino,1
28,394,treino,1
29,629,teste,0
30,832,calibracao,0
31,550,treino,1
32,437,treino,0
33,2681,treino,0
34,1297,calibracao,0
35,736,treino,0
36,844,treino,0
37,1311,treino,0
38,933,calibracao,0
39,932,calibracao,0
40,1950,treino,0
41,131,treino,1
42,1833,treino,0
43,683,treino,0
44,674,calibracao,0
45,2375,treino,0
46,2051,treino,0
47,1550,treino,0
48,668,treino,0
49,788,teste,1
50,2013,treino,0
51,902,treino,0
52,2186,calibracao,0
53,2193,calibracao,0
54,1362,teste,0
55,2275,calibracao,0
56,1502,teste,0
57,2403,treino,0
58,1900,treino,0
59,1903,treino,0
60,1776,treino,0
61,2108,treino,0
62,2733,treino,0
63,1507,treino,0
64,2100,treino,0
65,1356,teste,0
66,891,calibracao,0
67,1216,treino,0
68,911,treino,1
69,1353,treino,0
70,1894,calibracao,0
71,2003,treino,0
72,2710,treino,1
73,2676,teste,0
74,2398,teste,0
75,984,teste,0
76,2085,treino,1
77,2135,calibracao,1
78,879,treino,1
79,1003,treino,0
80,1306,treino,0
81,880,treino,1
82,882,treino,0
83,2727,treino,0
84,1808,treino,0
85,1188,treino,0
86,1324,treino,0
87,1750,teste,0
88,1426,calibracao,0
89,1422,treino,0
90,2243,treino,0
91,813,treino,0
92,2156,treino,0
93,1075,teste,0
94,1055,calibracao,0
95,2525,teste,0
96,2311,calibracao,0
97,1944,treino,0
98,1040,teste,0
99,1378,treino,1
100,1147,treino,0
101,446,calibracao,0
102,1448,treino,0
103,1460,teste,0
104,418,teste,0
105,1595,teste,0
106,631,treino,0
107,1857,teste,0
108,982,calibracao,0
109,979,treino,0
110,856,teste,0
111,1387,treino,0
112,2628,treino,0
113,633,treino,0
114,1304,teste,0
115,379,treino,0
116,352,treino,0
117,402,treino,0
118,342,teste,1
119,384,treino,0
120,968,teste,0
121,1133,calibracao,0
122,2564,calibracao,1
123,2494,treino,0
124,1849,calibracao,1
125,252,calibracao,0
126,1284,treino,1
127,1385,treino,1
128,544,teste,1
129,314,treino,0
130,227,treino,0
131,305,treino,1
132,296,treino,0
133,2621,treino,0
134,827,treino,0
135,327,teste,0
136,276,treino,0
137,837,treino,0
138,573,treino,0
139,570,teste,0
140,1560,treino,0
141,535,treino,1
142,1410,treino,0
143,102,treino,0
144,52,teste,0
145,2140,treino,0
146,1684,treino,0
147,1047,treino,0
148,23,teste,0
149,18,treino,1
150,1789,treino,0
151,664,treino,1
152,2018,teste,0
153,2025,treino,0
154,1023,teste,0
155,2120,calibracao,0
156,1227,calibracao,0
157,2283,teste,0
158,1658,treino,0
159,1660,teste,0
160,1521,treino,0
161,1911,treino,0
162,2705,teste,0
163,1230,teste,0
164,1909,treino,0
165,1021,calibracao,0
166,658,teste,0
167,905,calibracao,0
168,657,treino,1
169,1020,treino,0
170,1656,treino,0
171,1787,treino,0
172,2675,treino,1
173,2636,treino,0
174,2278,treino,1
175,759,calibracao,0
176,1885,treino,1
177,1931,treino,1
178,654,treino,1
179,770,treino,0
180,996,treino,0
181,663,treino,1
182,656,treino,0
183,2699,teste,0
184,1540,treino,0
185,897,treino,0
186,1007,treino,0
187,1504,calibracao,0
188,1088,treino,0
189,1083,treino,0
190,2066,treino,0
191,580,treino,0
192,1957,treino,0
193,816,calibracao,0
194,802,calibracao,0
195,2438,treino,0
196,2147,treino,0
197,1693,treino,0
198,794,treino,0
199,916,teste,1
200,1442,treino,0
201,342,teste,0
202,1716,teste,0
203,1723,calibracao,0
204,714,treino,0
205,1847,treino,0
206,835,treino,0
207,2069,calibracao,0
208,1292,treino,0
209,1289,treino,0
210,1113,calibracao,0
211,1579,teste,0
212,2666,teste,0
213,838,teste,0
214,1577,treino,0
215,711,treino,0
216,269,treino,0
217,608,treino,0
218,264,teste,1
219,712,teste,0
220,1286,treino,0
221,1438,treino,0
222,2619,calibracao,1
223,2566,calibracao,0
224,2131,treino,1
225,188,treino,0
226,1673,teste,1
227,1572,treino,1
228,542,treino,1
229,240,teste,0
230,693,treino,0
231,232,teste,1
232,232,teste,0
233,2662,treino,0
234,1085,treino,0
235,592,teste,0
236,696,calibracao,0
237,1091,teste,0
238,806,treino,0
239,801,treino,0
240,1830,treino,0
241,86,teste,0
242,1694,teste,0
243,567,treino,0
244,563,calibracao,0
245,2308,treino,0
246,1934,treino,0
247,1397,teste,0
248,555,treino,0
249,665,calibracao,1
250,2214,teste,0
251,1235,treino,0
252,2359,calibracao,0
253,2362,calibracao,0
254,1667,treino,0
255,2416,teste,0
256,1797,calibracao,0
257,2515,treino,0
258,2124,treino,0
259,2126,treino,0
260,2031,teste,0
261,2306,teste,0
262,2757,treino,0
263,1799,treino,0
264,2287,treino,0
265,1665,teste,0
266,1233,treino,0
267,1528,treino,0
268,1232,teste,1
269,1662,teste,0
270,2123,teste,0
271,2212,teste,0
272,2740,treino,1
273,2706,treino,0
274,2513,treino,0
275,1364,treino,0
276,2304,treino,1
277,2305,treino,1
278,1224,treino,1
279,1370,teste,0
280,1637,treino,0
281,1226,treino,1
282,1229,treino,0
283,2759,calibracao,0
284,2044,calibracao,0
285,1519,treino,0
286,1646,treino,0
287,2023,treino,0
288,1720,treino,0
289,1714,calibracao,0
290,2388,treino,0
291,1090,calibracao,0
292,2328,treino,0
293,1432,treino,0
294,1413,treino,0
295,2593,treino,0
296,2437,calibracao,0
297,2152,calibracao,0
298,1404,teste,0
299,1671,calibracao,1
300,824,treino,0
301,264,teste,0
302,1087,treino,0
303,1093,treino,0
304,246,treino,0
305,1278,treino,0
306,245,teste,0
307,1570,treino,0
308,704,treino,0
309,703,calibracao,0
310,594,teste,0
311,948,treino,0
312,2565,treino,0
313,253,treino,0
314,945,treino,0
315,223,treino,0
316,206,calibracao,0
317,235,treino,0
318,202,calibracao,1
319,229,treino,0
320,700,treino,0
321,820,treino,0
322,2519,treino,1
323,2386,treino,0
324,1672,calibracao,1
325,154,treino,0
326,937,calibracao,1
327,1027,calibracao,1
328,177,teste,1
329,177,teste,0
330,146,treino,0
331,540,treino,1
332,540,treino,1
333,2558,treino,0
334,578,calibracao,0
335,190,calibracao,0
336,163,treino,0
337,582,treino,0
338,81,teste,0
339,74,treino,0
340,1258,calibracao,0
341,71,teste,0
342,1052,treino,0
343,69,treino,0
344,36,treino,0
345,1933,calibracao,0
346,1393,treino,0
347,790,treino,0
348,6,calibracao,0
349,526,teste,1
350,1908,treino,0
351,774,treino,0
352,2106,calibracao,0
353,2114,teste,0
354,1222,treino,0
355,2203,teste,0
356,1366,teste,0
357,2348,teste,0
358,1782,teste,0
359,1785,treino,0
360,1647,treino,0
361,2017,treino,0
362,2719,treino,0
363,1367,calibracao,0
364,2011,treino,0
365,1219,treino,0
366,767,treino,0
367,1016,treino,0
368,766,treino,1
369,1215,calibracao,0
370,1778,treino,0
371,1899,teste,0
372,2694,treino,1
373,2654,teste,0
374,2343,teste,0
375,867,teste,0
376,2042,teste,1
377,2043,teste,1
378,785,treino,1
379,887,treino,0
380,1153,teste,0
381,762,treino,1
382,765,treino,0
383,2724,teste,0
384,1613,treino,0
385,1008,teste,0
386,1179,treino,0
387,1630,calibracao,0
388,1381,treino,1
389,1270,treino,0
390,2161,treino,0
391,690,treino,0
392,2062,calibracao,0
393,935,treino,0
394,923,teste,0
395,2477,treino,0
396,2234,treino,0
397,1826,treino,0
398,915,treino,0
399,1042,treino,1
400,1302,treino,0
401,391,treino,0
402,1580,treino,0
403,1587,calibracao,0
404,621,teste,0
405,1730,treino,0
406,721,treino,0
407,1967,teste,0
408,1134,teste,0
409,1138,treino,0
410,965,treino,0
411,1446,treino,0
412,2649,treino,0
413,727,treino,0
414,1443,calibracao,0
415,614,treino,0
416,306,treino,0
417,349,treino,0
418,544,teste,1
419,612,treino,0
420,1121,teste,0
421,1295,calibracao,0
422,2611,calibracao,1
423,2537,treino,0
424,2036,teste,1
425,215,treino,0
426,1434,teste,1
427,1535,treino,1
428,264,teste,1
429,274,treino,0
430,586,teste,0
431,264,teste,1
432,264,teste,0
433,2642,treino,0
434,947,treino,0
435,286,treino,0
436,590,treino,0
437,953,treino,0
438,682,treino,0
439,680,calibracao,0
440,1698,treino,0
441,94,treino,0
442,1556,calibracao,0
443,92,treino,0
444,47,treino,0
445,2229,treino,0
446,1817,teste,0
447,1252,treino,0
448,14,treino,0
449,556,treino,1
450,2095,treino,0
451,1006,treino,0
452,2258,teste,0
453,2265,treino,0
454,1490,teste,0
455,2339,teste,0
456,1624,teste,0
457,2452,treino,0
458,1993,treino,0
459,1995,calibracao,0
460,1882,treino,0
461,2178,teste,0
462,2744,treino,0
463,1626,teste,0
464,2177,teste,0
465,1477,treino,0
466,989,teste,0
467,1333,treino,0
468,988,treino,1
469,1476,treino,0
470,1988,calibracao,0
471,2090,treino,0
472,2723,treino,1
473,2686,calibracao,0
474,2450,treino,0
475,1122,treino,0
476,2224,treino,1
477,2226,treino,1
478,970,treino,1
479,1154,calibracao,0
480,1441,treino,0
481,971,treino,1
482,987,treino,0
483,2742,treino,0
484,1853,treino,0
485,1316,treino,0
486,1537,treino,1
487,1862,treino,0
488,1566,treino,0
489,1565,teste,0
490,2320,treino,0
491,931,calibracao,0
492,2239,treino,0
493,1263,treino,0
494,1257,calibracao,0
495,2556,treino,0
496,2372,calibracao,0
497,2053,teste,0
498,1250,treino,0
499,1532,treino,1
500,999,teste,0
501,490,calibracao,0
502,1321,treino,0
503,1336,treino,0
504,484,treino,0
505,1484,teste,0
506,483,treino,0
507,1740,treino,0
508,878,calibracao,0
509,877,calibracao,0
510,755,treino,0
511,1178,treino,0
512,2603,treino,0
513,485,teste,0
514,1165,treino,0
515,465,treino,0
516,447,treino,0
517,473,treino,0
518,440,teste,1
519,466,treino,0
520,870,calibracao,0
521,995,treino,0
522,2536,treino,1
523,2451,treino,0
524,1807,teste,1
525,318,treino,0
526,1129,teste,1
527,1143,calibracao,1
528,391,treino,1
529,405,calibracao,0
530,290,treino,0
531,391,treino,1
532,391,treino,0
533,2595,calibracao,0
534,718,calibracao,0
535,422,teste,0
536,354,treino,0
537,734,treino,0
538,140,calibracao,0
539,132,teste,0
540,1418,treino,0
541,127,treino,0
542,1262,teste,0
543,123,treino,0
544,59,treino,0
545,2054,teste,0
546,1546,treino,0
547,918,calibracao,0
548,28,treino,0
549,532,calibracao,1
550,1634,teste,0
551,509,calibracao,0
552,1879,treino,0
553,1889,calibracao,0
554,892,treino,0
555,2002,calibracao,0
556,1011,treino,0
557,2184,calibracao,0
558,1497,treino,0
559,1499,calibracao,0
560,1352,treino,0
561,1811,teste,0
562,2689,teste,0
563,1013,treino,0
564,1760,treino,0
565,884,teste,0
566,480,treino,0
567,763,treino,0
568,474,treino,1
569,881,treino,0
570,1491,teste,0
571,1625,treino,0
572,2659,calibracao,1
573,2602,calibracao,0
574,2175,treino,0
575,626,calibracao,0
576,1806,treino,1
577,1738,treino,1
578,445,treino,1
579,644,teste,0
580,842,calibracao,0
581,452,calibracao,1
582,469,treino,0
583,2682,treino,0
584,1309,calibracao,0
585,749,treino,0
586,851,treino,0
587,1326,teste,0
588,936,treino,0
589,934,treino,0
590,1953,treino,0
591,141,treino,0
592,1834,treino,0
593,687,treino,0
594,675,treino,0
595,2376,treino,0
596,2052,calibracao,0
597,1552,calibracao,0
598,670,treino,0
599,789,teste,1
600,1608,treino,0
601,470,calibracao,0
602,1859,teste,0
603,1870,treino,0
604,865,teste,0
605,1980,calibracao,0
606,991,teste,0
607,2172,teste,0
608,1469,calibracao,0
609,1467,calibracao,0
610,1323,teste,0
611,1737,treino,0
612,2687,teste,0
613,993,treino,0
614,1733,calibracao,0
615,857,treino,0
616,404,teste,0
617,745,teste,0
618,549,treino,1
619,858,treino,0
620,1461,treino,0
621,1596,treino,0
622,2646,treino,1
623,2600,treino,0
624,2225,treino,1
625,602,calibracao,0
626,1803,calibracao,1
627,1725,treino,1
628,342,teste,1
629,620,treino,0
630,825,treino,0
631,348,teste,1
632,342,teste,0
633,2679,treino,0
634,1287,treino,0
635,722,treino,0
636,834,treino,0
637,1298,treino,0
638,930,treino,0
639,928,calibracao,0
640,1949,treino,0
641,117,treino,0
642,1831,teste,0
643,681,treino,0
644,673,calibracao,0
645,2373,treino,0
646,2048,teste,0
647,1547,calibracao,0
648,667,calibracao,0
649,907,treino,1
650,1878,calibracao,0
651,761,teste,0
652,2082,calibracao,0
653,2092,treino,0
654,1181,treino,0
655,2180,teste,0
656,1335,teste,0
657,2334,treino,0
658,1749,calibracao,0
659,1755,treino,0
660,1618,calibracao,0
661,2041,treino,0
662,2717,treino,0
663,1343,teste,0
664,1982,calibracao,0
665,1168,treino,0
666,746,treino,0
667,997,calibracao,0
668,744,treino,1
669,1164,treino,0
670,1743,treino,0
671,1872,teste,0
672,2692,teste,1
673,2650,treino,0
674,2331,treino,1
675,839,treino,0
676,2037,treino,1
677,2038,calibracao,1
678,730,treino,1
679,852,calibracao,0
680,1107,calibracao,0
681,731,treino,1
682,740,treino,0
683,2713,teste,0
684,1585,calibracao,0
685,977,treino,0
686,1126,treino,0
687,1593,treino,0
688,1380,treino,1
689,1265,calibracao,0
690,2154,calibracao,0
691,684,treino,0
692,2058,calibracao,0
693,929,teste,0
694,919,treino,0
695,2475,calibracao,0
696,2230,treino,0
697,1824,treino,0
698,913,treino,0
699,1036,calibracao,1
700,1338,treino,0
701,494,calibracao,0
702,1607,teste,0
703,1616,treino,0
704,649,calibracao,0
705,1753,treino,0
706,753,teste,0
707,1986,teste,0
708,1185,treino,0
709,1191,calibracao,0
710,1001,calibracao,0
711,1481,treino,0
712,2653,teste,0
713,758,treino,0
714,1471,calibracao,0
715,646,treino,0
716,451,teste,0
717,478,treino,0
718,440,teste,1
719,642,teste,0
720,1172,treino,0
721,1329,treino,0
722,2597,treino,1
723,2540,treino,0
724,1975,treino,1
725,321,calibracao,0
726,1538,calibracao,1
727,1458,treino,1
728,391,treino,1
729,409,treino,0
730,606,treino,0
731,399,treino,1
732,435,calibracao,0
733,2645,teste,0
734,962,treino,0
735,425,treino,0
736,618,teste,0
737,975,teste,0
738,688,teste,0
739,686,treino,0
740,1702,treino,0
741,130,calibracao,0
742,1562,calibracao,0
743,125,treino,0
744,61,treino,0
745,2232,treino,0
746,1821,treino,0
747,1256,treino,0
748,30,treino,0
749,558,treino,1
750,1285,treino,0
751,299,treino,0
752,1573,treino,0
753,1575,teste,0
754,601,treino,0
755,1718,treino,0
756,708,treino,0
757,1962,teste,0
758,1104,treino,0
759,1102,treino,0
760,956,teste,0
761,1536,teste,0
762,2648,treino,0
763,709,treino,0
764,1435,treino,0
765,596,treino,0
766,237,treino,0
767,267,treino,0
768,232,teste,1
769,597,calibracao,0
770,1094,teste,0
771,1279,teste,0
772,2610,treino,1
773,2534,calibracao,0
774,1960,treino,1
775,167,teste,0
776,1533,treino,1
777,1534,calibracao,1
778,541,calibracao,1
779,209,treino,0
780,577,treino,0
781,207,calibracao,1
782,203,treino,0
783,2641,treino,0
784,938,treino,0
785,218,calibracao,0
786,581,treino,0
787,942,treino,0
788,678,calibracao,0
789,677,teste,0
790,1695,calibracao,0
791,79,treino,0
792,1554,treino,0
793,77,calibracao,0
794,41,treino,0
795,2228,teste,0
796,1815,teste,0
797,1251,treino,0
798,9,calibracao,0
799,554,teste,1
800,1918,calibracao,0
801,777,treino,0
802,2117,calibracao,0
803,2122,treino,0
804,1234,teste,0
805,2211,treino,0
806,1374,teste,0
807,2358,treino,0
808,1792,calibracao,0
809,1794,teste,0
810,1661,treino,0
811,2046,treino,0
812,2721,treino,0
813,1375,calibracao,0
814,2026,treino,0
815,1231,calibracao,0
816,776,calibracao,0
817,1025,treino,0
818,523,treino,1
819,1228,calibracao,0
820,1790,teste,0
821,1915,treino,0
822,2695,treino,1
823,2655,treino,0
824,2352,calibracao,0
825,894,treino,0
826,2009,treino,1
827,2045,treino,1
828,771,treino,1
829,903,treino,0
830,1193,treino,0
831,772,treino,1
832,773,treino,0
833,2715,treino,0
834,1638,treino,0
835,1018,calibracao,0
836,1211,treino,0
837,1649,treino,0
838,1383,teste,1
839,1275,treino,0
840,2162,treino,0
841,695,treino,0
842,2064,treino,0
843,940,treino,0
844,925,treino,0
845,2479,treino,0
846,2235,calibracao,0
847,1828,treino,0
848,917,treino,0
849,1239,treino,1
850,2268,treino,0
851,1358,treino,0
852,2397,teste,0
853,2401,treino,0
854,1768,teste,0
855,2457,treino,0
856,1887,treino,0
857,2543,treino,0
858,2188,calibracao,0
859,2190,teste,0
860,2099,treino,0
861,2340,treino,0
862,2766,treino,0
863,1892,treino,0
864,2337,treino,0
865,1762,calibracao,0
866,1334,treino,0
867,1627,calibracao,0
868,1332,treino,1
869,1758,treino,0
870,2183,teste,0
871,2266,teste,0
872,2745,treino,1
873,2716,calibracao,0
874,2541,treino,0
875,1454,treino,0
876,2365,calibracao,1
877,2366,calibracao,1
878,1319,calibracao,1
879,1472,calibracao,0
880,1724,teste,0
881,1389,calibracao,1
882,1330,treino,0
883,2764,treino,0
884,2133,treino,0
885,1610,teste,0
886,1732,treino,0
887,2086,treino,0
888,1837,teste,0
889,1835,treino,0
890,2442,calibracao,0
891,1268,treino,0
892,2380,treino,0
893,1564,teste,0
894,1553,teste,0
895,2616,calibracao,0
896,2474,calibracao,0
897,2233,teste,0
898,1543,teste,0
899,1680,calibracao,1
900,747,teste,0
901,470,calibracao,0
902,972,calibracao,0
903,994,teste,0
904,458,calibracao,0
905,1162,treino,0
906,457,calibracao,0
907,1464,treino,0
908,643,teste,0
909,639,treino,0
910,464,teste,0
911,864,calibracao,0
912,2542,calibracao,0
913,461,teste,0
914,859,treino,0
915,430,teste,0
916,395,treino,0
917,440,teste,0
918,391,treino,1
919,431,treino,0
920,637,teste,0
921,738,calibracao,0
922,2444,calibracao,1
923,2329,treino,0
924,1452,treino,1
925,281,treino,0
926,910,treino,1
927,843,treino,1
928,342,teste,1
929,353,teste,0
930,258,treino,0
931,342,teste,1
932,342,teste,0
933,2532,treino,0
934,295,treino,0
935,368,teste,0
936,308,calibracao,0
937,362,calibracao,0
938,129,treino,0
939,119,treino,0
940,127,treino,0
941,115,treino,0
942,926,treino,0
943,113,treino,0
944,54,calibracao,0
945,1822,treino,0
946,1253,treino,0
947,672,treino,0
948,25,treino,0
949,24,calibracao,1
950,1617,teste,0
951,495,treino,0
952,1867,teste,0
953,1877,treino,0
954,876,treino,0
955,1992,calibracao,0
956,998,teste,0
957,2176,calibracao,0
958,1485,teste,0
959,1487,treino,0
960,1339,teste,0
961,1809,calibracao,0
962,2688,treino,0
963,1005,treino,0
964,1741,treino,0
965,871,treino,0
966,453,treino,0
967,751,treino,0
968,440,teste,1
969,869,teste,0
970,1474,calibracao,0
971,1612,treino,0
972,2647,teste,1
973,2613,treino,0
974,2171,treino,1
975,611,teste,0
976,1804,treino,1
977,1731,calibracao,1
978,394,treino,1
979,629,teste,0
980,832,calibracao,0
981,401,treino,1
982,437,treino,0
983,2680,treino,0
984,1297,calibracao,0
985,736,treino,0
986,844,treino,0
987,1311,treino,0
988,1026,treino,1
989,932,calibracao,0
990,1950,treino,0
991,131,treino,0
992,1833,treino,0
993,683,treino,0
994,674,calibracao,0
995,2374,treino,0
996,2050,teste,0
997,1549,treino,0
998,668,treino,0
999,787,calibracao,1
1000,1617,teste,0
1001,495,treino,0
1002,1867,teste,0
1003,1877,treino,0
1004,876,treino,0
1005,1992,calibracao,0
1006,998,teste,0
1007,2176,calibracao,0
1008,1485,teste,0
1009,1487,treino,0
1010,1339,teste,0
1011,1809,calibracao,0
1012,2688,treino,0
1013,1005,treino,0
1014,1741,treino,0
1015,871,treino,0
1016,453,treino,0
1017,751,treino,0
1018,440,teste,1
1019,869,teste,0
1020,1474,calibracao,0
1021,1612,treino,0
1022,2658,calibracao,1
1023,2601,treino,0
1024,2227,treino,1
1025,611,teste,0
1026,1726,treino,1
1027,1731,calibracao,1
1028,394,treino,1
1029,629,teste,0
1030,832,calibracao,0
1031,401,treino,1
1032,437,treino,0
1033,2691,treino,0
1034,1297,calibracao,0
1035,736,treino,0
1036,844,treino,0
1037,1311,treino,0
1038,933,calibracao,0
1039,932,calibracao,0
1040,1950,treino,0
1041,131,treino,0
1042,1833,treino,0
1043,683,treino,0
1044,674,calibracao,0
1045,2374,treino,0
1046,2050,teste,0
1047,1549,treino,0
1048,668,treino,0
1049,908,treino,1
1050,854,treino,0
1051,440,teste,0
1052,1128,treino,0
1053,1145,calibracao,0
1054,415,treino,0
1055,1312,calibracao,0
1056,414,treino,0
1057,1588,teste,0
1058,739,treino,0
1059,737,treino,0
1060,636,treino,0
1061,973,treino,0
1062,2571,treino,0
1063,421,treino,0
1064,969,treino,0
1065,377,treino,0
1066,350,calibracao,0
1067,398,treino,0
1068,342,teste,1
1069,382,treino,0
1070,724,teste,0
1071,848,treino,0
1072,2487,treino,1
1073,2392,treino,0
1074,1675,calibracao,1
1075,249,treino,0
1076,954,treino,1
1077,957,teste,1
1078,544,teste,1
1079,310,treino,0
1080,225,treino,0
1081,300,treino,1
1082,296,treino,0
1083,2561,calibracao,0
1084,599,calibracao,0
1085,325,treino,0
1086,273,calibracao,0
1087,610,calibracao,0
1088,536,calibracao,1
1089,112,treino,0
1090,1261,calibracao,0
1091,106,treino,0
1092,1063,treino,0
1093,100,teste,0
1094,50,treino,0
1095,1940,calibracao,0
1096,1400,treino,0
1097,796,treino,0
1098,21,treino,0
1099,529,treino,1
1100,1337,treino,0
1101,493,treino,0
1102,1606,treino,0
1103,1615,treino,0
1104,648,calibracao,0
1105,1752,calibracao,0
1106,752,treino,0
1107,1985,treino,0
1108,1184,treino,0
1109,1190,calibracao,0
1110,1000,teste,0
1111,1480,treino,0
1112,2652,teste,0
1113,757,treino,0
1114,1470,treino,0
1115,645,calibracao,0
1116,450,teste,0
1117,476,calibracao,0
1118,440,teste,1
1119,641,calibracao,0
1120,1171,treino,0
1121,1328,treino,0
1122,2612,treino,1
1123,2539,calibracao,0
1124,2040,treino,1
1125,320,treino,0
1126,1450,calibracao,1
1127,1539,treino,1
1128,391,treino,1
1129,407,treino,0
1130,605,calibracao,0
1131,397,calibracao,1
1132,436,treino,0
1133,2644,calibracao,0
1134,961,calibracao,0
1135,424,calibracao,0
1136,617,treino,0
1137,974,teste,0
1138,780,teste,0
1139,685,treino,0
1140,1701,teste,0
1141,128,treino,0
1142,1561,treino,0
1143,124,treino,0
1144,60,treino,0
1145,2297,calibracao,0
1146,1820,teste,0
1147,1255,treino,0
1148,29,calibracao,0
1149,661,treino,1
1150,328,treino,0
1151,342,teste,0
1152,707,treino,0
1153,715,treino,0
1154,317,calibracao,0
1155,840,calibracao,0
1156,316,treino,0
1157,1103,teste,0
1158,338,treino,0
1159,329,teste,0
1160,331,teste,0
1161,609,teste,0
1162,2448,calibracao,0
1163,322,treino,0
1164,604,calibracao,0
1165,289,treino,0
1166,265,teste,0
1167,301,teste,0
1168,264,teste,1
1169,292,calibracao,0
1170,293,treino,0
1171,291,treino,0
1172,2323,treino,1
1173,2164,teste,0
1174,1240,treino,1
1175,186,calibracao,0
1176,662,treino,1
1177,591,teste,1
1178,542,treino,1
1179,239,treino,0
1180,171,treino,0
1181,233,teste,1
1182,232,teste,0
1183,2441,treino,0
1184,201,treino,0
1185,254,treino,0
1186,208,calibracao,0
1187,248,treino,0
1188,96,calibracao,0
1189,89,calibracao,0
1190,803,treino,0
1191,85,treino,0
1192,676,treino,0
1193,84,calibracao,0
1194,43,treino,0
1195,1545,teste,0
1196,914,calibracao,0
1197,38,teste,0
1198,10,treino,0
1199,527,treino,1
1200,1014,teste,0
1201,519,teste,0
1202,1349,calibracao,0
1203,1360,treino,0
1204,513,treino,0
1205,1505,treino,0
1206,512,teste,0
1207,1770,treino,0
1208,896,treino,0
1209,898,treino,0
1210,769,treino,0
1211,1212,teste,0
1212,2606,calibracao,0
1213,516,treino,0
1214,1204,treino,0
1215,504,treino,0
1216,498,treino,0
1217,510,treino,0
1218,492,treino,1
1219,502,calibracao,0
1220,895,treino,0
1221,1012,treino,0
1222,2538,calibracao,1
1223,2454,calibracao,0
1224,1757,treino,1
1225,420,teste,0
1226,1243,treino,1
1227,1180,treino,1
1228,471,teste,1
1229,482,calibracao,0
1230,390,treino,0
1231,552,treino,1
1232,489,calibracao,0
1233,2598,teste,0
1234,743,treino,0
1235,486,calibracao,0
1236,455,treino,0
1237,754,calibracao,0
1238,175,teste,0
1239,150,calibracao,0
1240,1425,treino,0
1241,149,treino,0
1242,1267,calibracao,0
1243,144,treino,0
1244,75,calibracao,0
1245,2057,treino,0
1246,1551,treino,0
1247,920,treino,0
1248,34,teste,0
1249,534,treino,1
1250,702,calibracao,0
1251,264,teste,0
1252,941,calibracao,0
1253,949,treino,0
1254,244,calibracao,0
1255,1092,treino,0
1256,243,treino,0
1257,1431,calibracao,0
1258,598,teste,0
1259,593,teste,0
1260,255,treino,0
1261,822,treino,0
1262,2535,treino,0
1263,250,teste,0
1264,821,treino,0
1265,222,treino,0
1266,205,treino,0
1267,234,treino,0
1268,202,calibracao,1
1269,228,treino,0
1270,588,calibracao,0
1271,699,treino,0
1272,2439,treino,1
1273,2327,treino,0
1274,1428,teste,1
1275,153,teste,0
1276,909,teste,1
1277,817,treino,1
1278,177,teste,1
1279,181,treino,0
1280,145,teste,0
1281,540,treino,1
1282,177,teste,0
1283,2530,teste,0
1284,158,treino,0
1285,189,treino,0
1286,161,treino,0
1287,185,calibracao,0
1288,80,calibracao,0
1289,73,treino,0
1290,1057,treino,0
1291,70,calibracao,0
1292,921,treino,0
1293,68,treino,0
1294,35,treino,0
1295,1816,treino,0
1296,1249,calibracao,0
1297,669,teste,0
1298,4,treino,0
1299,1,treino,1
1300,1657,treino,0
1301,525,teste,0
1302,1907,treino,0
1303,1912,treino,0
1304,906,teste,0
1305,2024,treino,0
1306,1022,treino,0
1307,2205,calibracao,0
1308,1518,treino,0
1309,1520,treino,0
1310,1369,treino,0
1311,1814,treino,0
1312,2690,treino,0
1313,1024,calibracao,0
1314,1783,treino,0
1315,904,calibracao,0
1316,521,treino,0
1317,775,treino,0
1318,518,teste,1
1319,901,calibracao,0
1320,1514,treino,0
1321,1651,treino,0
1322,2660,calibracao,1
1323,2615,treino,0
1324,2196,calibracao,0
1325,650,treino,0
1326,1812,calibracao,1
1327,1773,calibracao,1
1328,507,teste,1
1329,655,treino,0
1330,872,calibracao,0
1331,553,treino,1
1332,515,treino,0
1333,2685,treino,0
1334,1346,treino,0
1335,768,treino,0
1336,886,teste,0
1337,1359,treino,0
1338,946,calibracao,0
1339,939,treino,0
1340,1959,treino,0
1341,179,treino,0
1342,1838,teste,0
1343,692,treino,0
1344,679,calibracao,0
1345,2378,treino,0
1346,2056,treino,0
1347,1555,treino,0
1348,671,treino,0
1349,792,treino,1
1350,192,teste,0
1351,202,calibracao,0
1352,164,treino,0
1353,191,treino,0
1354,184,calibracao,0
1355,583,treino,0
1356,183,teste,0
1357,815,treino,0
1358,200,treino,0
1359,193,treino,0
1360,194,calibracao,0
1361,182,teste,0
1362,2325,treino,0
1363,187,treino,0
1364,174,treino,0
1365,169,teste,0
1366,159,calibracao,0
1367,177,teste,0
1368,159,calibracao,1
1369,172,calibracao,0
1370,173,teste,0
1371,170,treino,0
1372,2221,treino,1
1373,1955,treino,0
1374,812,treino,1
1375,133,teste,0
1376,537,treino,1
1377,539,treino,1
1378,148,calibracao,1
1379,148,calibracao,0
1380,126,treino,0
1381,148,calibracao,1
1382,538,calibracao,1
1383,2316,calibracao,0
1384,137,treino,0
1385,156,treino,0
1386,142,calibracao,0
1387,152,treino,0
1388,65,treino,0
1389,58,treino,0
1390,63,calibracao,0
1391,57,teste,0
1392,53,calibracao,0
1393,56,treino,0
1394,31,treino,0
1395,1248,teste,0
1396,666,teste,0
1397,26,calibracao,0
1398,3,teste,0
1399,0,calibracao,1
1400,1200,teste,0
1401,508,treino,0
1402,1482,treino,0
1403,1496,treino,0
1404,500,teste,0
1405,1631,calibracao,0
1406,652,treino,0
1407,1881,treino,0
1408,1010,treino,0
1409,1009,treino,0
1410,890,treino,0
1411,1348,treino,0
1412,2631,treino,0
1413,653,treino,0
1414,1340,teste,0
1415,487,treino,0
1416,479,calibracao,0
1417,497,treino,0
1418,472,treino,1
1419,488,teste,0
1420,1002,teste,0
1421,1183,teste,0
1422,2585,treino,1
1423,2497,teste,0
1424,1871,treino,1
1425,366,calibracao,0
1426,1388,teste,1
1427,1390,teste,1
1428,442,calibracao,1
1429,456,treino,0
1430,335,treino,0
1431,551,calibracao,1
1432,443,treino,0
1433,2623,treino,0
1434,849,treino,0
1435,463,treino,0
1436,411,calibracao,0
1437,866,teste,0
1438,576,teste,0
1439,575,treino,0
1440,1567,treino,0
1441,139,treino,0
1442,1415,treino,0
1443,134,treino,0
1444,67,treino,0
1445,2144,treino,0
1446,1688,calibracao,0
1447,1050,treino,0
1448,32,calibracao,0
1449,533,calibracao,1
1450,603,treino,0
1451,296,treino,0
1452,823,calibracao,0
1453,830,calibracao,0
1454,279,teste,0
1455,955,teste,0
1456,278,treino,0
1457,1281,teste,0
1458,294,calibracao,0
1459,287,calibracao,0
1460,288,treino,0
1461,706,treino,0
1462,2491,treino,0
1463,282,calibracao,0
1464,705,calibracao,0
1465,256,treino,0
1466,232,teste,0
1467,264,teste,0
1468,232,teste,1
1469,259,calibracao,0
1470,260,treino,0
1471,595,treino,0
1472,2381,treino,1
1473,2245,treino,0
1474,1382,treino,1
1475,165,treino,0
1476,781,calibracao,1
1477,697,treino,1
1478,202,calibracao,1
1479,202,calibracao,0
1480,157,treino,0
1481,202,calibracao,1
1482,202,calibracao,0
1483,2482,treino,0
1484,176,treino,0
1485,217,teste,0
1486,180,treino,0
1487,213,calibracao,0
1488,88,teste,0
1489,82,treino,0
1490,924,calibracao,0
1491,78,treino,0
1492,800,treino,0
1493,76,calibracao,0
1494,40,treino,0
1495,1682,treino,0
1496,1038,treino,0
1497,561,treino,0
1498,8,treino,0
1499,7,teste,1
1500,1463,treino,0
1501,449,teste,0
1502,1728,treino,0
1503,1734,treino,0
1504,741,treino,0
1505,1863,calibracao,0
1506,860,treino,0
1507,2077,treino,0
1508,1315,treino,0
1509,1317,treino,0
1510,1152,calibracao,0
1511,1592,calibracao,0
1512,2669,treino,0
1513,862,treino,0
1514,1589,treino,0
1515,729,calibracao,0
1516,355,calibracao,0
1517,627,treino,0
1518,548,treino,1
1519,728,treino,0
1520,1308,treino,0
1521,1457,calibracao,0
1522,2622,treino,1
1523,2568,treino,0
1524,2072,teste,0
1525,261,treino,0
1526,1574,treino,1
1527,1674,treino,1
1528,302,treino,1
1529,340,calibracao,0
1530,701,treino,0
1531,307,treino,1
1532,341,treino,0
1533,2663,treino,0
1534,1098,treino,0
1535,613,treino,0
1536,782,treino,1
1537,1118,treino,0
1538,809,treino,0
1539,808,treino,0
1540,1832,teste,0
1541,111,teste,0
1542,1696,treino,0
1543,568,teste,0
1544,565,teste,0
1545,2310,calibracao,0
1546,1936,teste,0
1547,1402,treino,0
1548,557,treino,0
1549,778,treino,1
1550,423,calibracao,0
1551,440,teste,0
1552,619,treino,0
1553,634,calibracao,0
1554,410,treino,0
1555,735,treino,0
1556,408,treino,0
1557,966,treino,0
1558,433,calibracao,0
1559,426,treino,0
1560,428,calibracao,0
1561,406,calibracao,0
1562,2395,treino,0
1563,416,treino,0
1564,388,treino,0
1565,374,treino,0
1566,342,teste,0
1567,391,treino,0
1568,342,teste,1
1569,380,treino,0
1570,385,treino,0
1571,375,teste,0
1572,1429,treino,1
1573,2073,calibracao,0
1574,959,teste,1
1575,241,teste,0
1576,280,treino,1
1577,546,treino,1
1578,296,treino,1
1579,296,treino,0
1580,221,calibracao,0
1581,544,teste,1
1582,296,treino,0
1583,2384,treino,0
1584,257,teste,0
1585,323,treino,0
1586,268,treino,0
1587,315,calibracao,0
1588,122,treino,0
1589,107,calibracao,0
1590,115,treino,0
1591,103,treino,0
1592,93,calibracao,0
1593,98,calibracao,0
1594,48,teste,0
1595,1403,calibracao,0
1596,791,treino,0
1597,44,treino,0
1598,19,treino,0
1599,15,treino,1
1600,868,teste,0
1601,475,treino,0
1602,1144,teste,0
1603,1163,treino,0
1604,460,treino,0
1605,1327,calibracao,0
1606,459,treino,0
1607,1602,teste,0
1608,748,treino,0
1609,750,treino,0
1610,640,calibracao,0
1611,990,treino,0
1612,2572,calibracao,0
1613,468,treino,0
1614,983,calibracao,0
1615,438,calibracao,0
1616,403,teste,0
1617,448,teste,0
1618,393,calibracao,1
1619,432,treino,0
1620,742,treino,0
1621,861,calibracao,0
1622,2489,treino,1
1623,2394,teste,0
1624,1676,calibracao,1
1625,283,treino,0
1626,1031,treino,1
1627,964,teste,1
1628,344,treino,1
1629,359,treino,0
1630,262,treino,0
1631,347,treino,1
1632,389,calibracao,0
1633,2562,calibracao,0
1634,607,treino,0
1635,372,teste,0
1636,312,treino,0
1637,622,calibracao,0
1638,136,teste,0
1639,121,calibracao,0
1640,1264,treino,0
1641,116,calibracao,0
1642,1066,treino,0
1643,114,calibracao,0
1644,55,treino,0
1645,1943,calibracao,0
1646,1401,treino,0
1647,797,treino,0
1648,27,treino,0
1649,531,calibracao,1
1650,846,teste,0
1651,391,treino,0
1652,1112,treino,0
1653,1130,treino,0
1654,361,calibracao,0
1655,1301,calibracao,0
1656,360,treino,0
1657,1582,treino,0
1658,725,treino,0
1659,723,teste,0
1660,623,calibracao,0
1661,963,treino,0
1662,2569,treino,0
1663,365,teste,0
1664,960,treino,0
1665,333,calibracao,0
1666,303,treino,0
1667,345,treino,0
1668,296,treino,1
1669,336,treino,0
1670,717,treino,0
1671,841,treino,0
1672,2486,treino,1
1673,2390,treino,0
1674,1576,treino,1
1675,214,treino,0
1676,1028,calibracao,1
1677,951,treino,1
1678,264,teste,1
1679,271,treino,0
1680,197,teste,0
1681,264,teste,1
1682,264,teste,0
1683,2559,treino,0
1684,589,teste,0
1685,285,teste,0
1686,238,teste,0
1687,600,treino,0
1688,109,teste,0
1689,97,calibracao,0
1690,1260,treino,0
1691,93,calibracao,0
1692,1060,treino,0
1693,91,treino,0
1694,46,treino,0
1695,1938,treino,0
1696,1396,treino,0
1697,793,teste,0
1698,13,calibracao,0
1699,528,teste,1
1700,1146,treino,0
1701,441,treino,0
1702,1447,calibracao,0
1703,1459,treino,0
1704,417,teste,0
1705,1594,treino,0
1706,630,treino,0
1707,1856,treino,0
1708,981,treino,0
1709,978,teste,0
1710,855,treino,0
1711,1386,calibracao,0
1712,2627,treino,0
1713,632,treino,0
1714,1303,calibracao,0
1715,378,calibracao,0
1716,351,treino,0
1717,400,teste,0
1718,343,treino,1
1719,383,calibracao,0
1720,967,treino,0
1721,1132,calibracao,0
1722,2563,treino,1
1723,2493,treino,0
1724,1848,treino,1
1725,251,treino,0
1726,1283,treino,1
1727,1384,teste,1
1728,297,treino,1
1729,313,treino,0
1730,226,treino,0
1731,304,treino,1
1732,298,treino,0
1733,2620,treino,0
1734,826,calibracao,0
1735,326,calibracao,0
1736,275,teste,0
1737,836,calibracao,0
1738,571,treino,0
1739,569,calibracao,0
1740,1559,treino,0
1741,108,teste,0
1742,1409,calibracao,0
1743,101,treino,0
1744,51,treino,0
1745,2139,treino,0
1746,1683,treino,0
1747,1046,treino,0
1748,22,treino,0
1749,530,calibracao,1
1750,635,treino,0
1751,440,teste,0
1752,845,treino,0
1753,853,calibracao,0
1754,413,treino,0
1755,976,treino,0
1756,412,treino,0
1757,1305,treino,0
1758,434,treino,0
1759,427,treino,0
1760,429,calibracao,0
1761,733,treino,0
1762,2495,treino,0
1763,419,treino,0
1764,726,treino,0
1765,376,treino,0
1766,346,teste,0
1767,396,calibracao,0
1768,342,teste,1
1769,381,teste,0
1770,386,treino,0
1771,624,treino,0
1772,2421,teste,1
1773,2247,treino,0
1774,1290,treino,1
1775,247,teste,0
1776,783,calibracao,1
1777,713,treino,1
1778,296,treino,1
1779,309,treino,0
1780,224,treino,0
1781,296,treino,1
1782,296,treino,0
1783,2485,teste,0
1784,263,treino,0
1785,324,treino,0
1786,270,treino,0
1787,319,treino,0
1788,118,teste,0
1789,110,treino,0
1790,927,treino,0
1791,104,treino,0
1792,804,teste,0
1793,99,calibracao,0
1794,49,treino,0
1795,1686,calibracao,0
1796,1043,treino,0
1797,564,treino,0
1798,20,treino,0
1799,16,treino,1
1800,587,treino,0
1801,232,teste,0
1802,818,calibracao,0
1803,819,treino,0
1804,212,treino,0
1805,944,treino,0
1806,211,treino,0
1807,1272,calibracao,0
1808,230,treino,0
1809,219,treino,0
1810,220,treino,0
1811,698,treino,0
1812,2488,treino,0
1813,216,calibracao,0
1814,694,treino,0
1815,196,treino,0
1816,178,treino,0
1817,204,treino,0
1818,177,teste,1
1819,198,calibracao,0
1820,199,teste,0
1821,584,teste,0
1822,2379,treino,1
1823,2244,teste,0
1824,1271,treino,1
1825,143,treino,0
1826,689,treino,1
1827,691,treino,1
1828,159,calibracao,1
1829,162,treino,0
1830,135,teste,0
1831,159,calibracao,1
1832,159,calibracao,0
1833,2480,treino,0
1834,147,teste,0
1835,168,treino,0
1836,151,calibracao,0
1837,166,treino,0
1838,72,calibracao,0
1839,66,treino,0
1840,922,calibracao,0
1841,64,teste,0
1842,799,treino,0
1843,62,treino,0
1844,33,treino,0
1845,1679,treino,0
1846,1034,treino,0
1847,559,calibracao,0
1848,5,teste,0
1849,2,calibracao,1
1850,1223,teste,0
1851,524,calibracao,0
1852,1501,treino,0
1853,1513,treino,0
1854,522,treino,0
1855,1650,teste,0
1856,659,treino,0
1857,1905,teste,0
1858,1017,treino,0
1859,1019,teste,0
1860,900,treino,0
1861,1365,treino,0
1862,2633,treino,0
1863,660,calibracao,0
1864,1361,treino,0
1865,517,calibracao,0
1866,511,treino,0
1867,520,treino,0
1868,506,treino,1
1869,514,teste,0
1870,1015,treino,0
1871,1218,teste,0
1872,2570,teste,1
1873,2504,calibracao,0
1874,1890,treino,1
1875,462,teste,0
1876,1391,treino,1
1877,1347,treino,1
1878,491,treino,1
1879,499,calibracao,0
1880,439,treino,0
1881,496,treino,1
1882,503,teste,0
1883,2625,calibracao,0
1884,873,treino,0
1885,501,teste,0
1886,481,calibracao,0
1887,889,calibracao,0
1888,585,treino,0
1889,579,calibracao,0
1890,1568,calibracao,0
1891,160,treino,0
1892,1420,treino,0
1893,155,treino,0
1894,83,treino,0
1895,2149,teste,0
1896,1690,calibracao,0
1897,1053,teste,0
1898,39,treino,0
1899,37,treino,1
1900,1739,calibracao,0
1901,647,treino,0
1902,1973,treino,0
1903,1981,treino,0
1904,992,calibracao,0
1905,2087,teste,0
1906,1161,calibracao,0
1907,2255,calibracao,0
1908,1609,teste,0
1909,1611,treino,0
1910,1468,calibracao,0
1911,1868,treino,0
1912,2711,teste,0
1913,1167,treino,0
1914,1860,teste,0
1915,986,calibracao,0
1916,628,treino,0
1917,863,treino,0
1918,392,teste,1
1919,980,treino,0
1920,1601,teste,0
1921,1735,treino,0
1922,2664,treino,1
1923,2626,treino,0
1924,2250,treino,0
1925,710,treino,0
1926,1846,teste,1
1927,1930,treino,1
1928,615,teste,1
1929,720,treino,0
1930,950,teste,0
1931,616,calibracao,1
1932,625,treino,0
1933,2697,teste,0
1934,1440,teste,0
1935,847,treino,0
1936,958,calibracao,0
1937,1451,calibracao,0
1938,1072,teste,0
1939,1069,teste,0
1940,2060,teste,0
1941,572,treino,0
1942,1948,teste,0
1943,807,treino,0
1944,798,treino,0
1945,2431,calibracao,0
1946,2138,calibracao,0
1947,1687,treino,0
1948,786,calibracao,0
1949,912,teste,1
1950,370,teste,0
1951,391,treino,0
1952,311,treino,0
1953,369,treino,0
1954,358,treino,0
1955,367,calibracao,0
1956,357,treino,0
1957,716,calibracao,0
1958,387,treino,0
1959,371,calibracao,0
1960,373,treino,0
1961,356,treino,0
1962,2251,treino,0
1963,363,treino,0
1964,339,treino,0
1965,330,teste,0
1966,296,treino,0
1967,342,teste,0
1968,296,treino,1
1969,334,treino,0
1970,337,treino,0
1971,332,calibracao,0
1972,540,treino,1
1973,1844,treino,0
1974,784,treino,1
1975,210,calibracao,0
1976,242,treino,1
1977,272,treino,1
1978,543,treino,1
1979,266,treino,0
1980,195,treino,0
1981,264,teste,1
1982,264,teste,0
1983,2241,treino,0
1984,231,treino,0
1985,284,calibracao,0
1986,236,treino,0
1987,277,teste,0
1988,105,treino,0
1989,95,treino,0
1990,103,treino,0
1991,93,calibracao,0
1992,87,treino,0
1993,90,treino,0
1994,45,treino,0
1995,1044,treino,0
1996,562,treino,0
1997,42,teste,0
1998,12,treino,0
1999,11,treino,1
2000,854,treino,0
2001,440,teste,0
2002,1128,treino,0
2003,1145,calibracao,0
2004,415,treino,0
2005,1312,calibracao,0
2006,414,treino,0
2007,1588,teste,0
2008,739,treino,0
2009,737,treino,0
2010,636,treino,0
2011,973,treino,0
2012,2571,treino,0
2013,421,treino,0
2014,969,treino,0
2015,377,treino,0
2016,350,calibracao,0
2017,398,treino,0
2018,547,teste,1
2019,382,treino,0
2020,724,teste,0
2021,848,treino,0
2022,2487,treino,1
2023,2392,treino,0
2024,1581,treino,1
2025,249,treino,0
2026,954,treino,1
2027,1030,treino,1
2028,296,treino,1
2029,310,treino,0
2030,225,treino,0
2031,545,treino,1
2032,296,treino,0
2033,2561,calibracao,0
2034,599,calibracao,0
2035,325,treino,0
2036,273,calibracao,0
2037,610,calibracao,0
2038,120,calibracao,0
2039,112,treino,0
2040,1261,calibracao,0
2041,106,treino,0
2042,1063,treino,0
2043,100,teste,0
2044,50,treino,0
2045,1939,teste,0
2046,1399,treino,0
2047,795,calibracao,0
2048,21,treino,0
2049,17,treino,1
2050,854,treino,0
2051,440,teste,0
2052,1128,treino,0
2053,1145,calibracao,0
2054,415,treino,0
2055,1312,calibracao,0
2056,414,treino,0
2057,1588,teste,0
2058,739,treino,0
2059,737,treino,0
2060,636,treino,0
2061,973,treino,0
2062,2571,treino,0
2063,421,treino,0
2064,969,treino,0
2065,377,treino,0
2066,350,calibracao,0
2067,398,treino,0
2068,342,teste,1
2069,382,treino,0
2070,724,teste,0
2071,848,treino,0
2072,2520,treino,1
2073,2392,treino,0
2074,1581,treino,1
2075,249,treino,0
2076,1029,teste,1
2077,957,teste,1
2078,544,teste,1
2079,310,treino,0
2080,225,treino,0
2081,300,treino,1
2082,296,treino,0
2083,2561,calibracao,0
2084,599,calibracao,0
2085,325,treino,0
2086,273,calibracao,0
2087,610,calibracao,0
2088,120,calibracao,0
2089,112,treino,0
2090,1261,calibracao,0
2091,106,treino,0
2092,1063,treino,0
2093,100,teste,0
2094,50,treino,0
2095,1939,teste,0
2096,1399,treino,0
2097,795,calibracao,0
2098,21,treino,0
2099,17,treino,1
2100,2195,calibracao,0
2101,1221,teste,0
2102,2342,treino,0
2103,2345,treino,0
2104,1641,treino,0
2105,2407,treino,0
2106,1775,calibracao,0
2107,2502,treino,0
2108,2109,treino,0
2109,2110,treino,0
2110,2015,teste,0
2111,2302,treino,0
2112,2755,treino,0
2113,1780,treino,0
2114,2270,treino,0
2115,1636,treino,0
2116,1199,teste,0
2117,1500,treino,0
2118,1194,calibracao,1
2119,1635,teste,0
2120,2103,treino,0
2121,2191,teste,0
2122,2729,treino,1
2123,2701,treino,0
2124,2499,teste,0
2125,1313,treino,0
2126,2298,treino,1
2127,2299,treino,1
2128,1174,treino,1
2129,1341,treino,0
2130,1590,calibracao,0
2131,1175,treino,1
2132,1192,treino,0
2133,2749,calibracao,0
2134,1978,calibracao,0
2135,1486,treino,0
2136,1605,teste,0
2137,1991,teste,0
2138,1708,treino,0
2139,1707,calibracao,0
2140,2383,treino,0
2141,1078,teste,0
2142,2321,treino,0
2143,1419,treino,0
2144,1407,teste,0
2145,2591,treino,0
2146,2433,treino,0
2147,2146,calibracao,0
2148,1395,treino,0
2149,1669,treino,1
2150,2413,treino,0
2151,1663,treino,0
2152,2509,treino,0
2153,2512,treino,0
2154,2027,teste,0
2155,2548,teste,0
2156,2118,teste,0
2157,2608,treino,0
2158,2356,treino,0
2159,2357,treino,0
2160,2284,treino,0
2161,2465,treino,0
2162,2776,treino,0
2163,2121,calibracao,0
2164,2463,treino,0
2165,2021,calibracao,0
2166,1653,treino,0
2167,1914,treino,0
2168,1652,treino,1
2169,2020,treino,0
2170,2354,treino,0
2171,2411,treino,0
2172,2765,calibracao,1
2173,2747,treino,0
2174,2605,treino,0
2175,1761,treino,0
2176,2473,treino,1
2177,2460,teste,1
2178,1642,teste,1
2179,1779,treino,0
2180,1987,treino,0
2181,1678,treino,1
2182,1644,treino,0
2183,2775,treino,0
2184,2267,teste,0
2185,1902,teste,0
2186,2000,calibracao,0
2187,2274,treino,0
2188,2067,calibracao,0
2189,2065,teste,0
2190,2533,teste,0
2191,1569,treino,0
2192,2484,treino,0
2193,1839,treino,0
2194,1829,treino,0
2195,2661,treino,0
2196,2557,treino,0
2197,2377,teste,0
2198,1818,treino,0
2199,2035,treino,1
2200,1880,calibracao,0
2201,1196,teste,0
2202,2084,treino,0
2203,2093,teste,0
2204,1187,calibracao,0
2205,2181,treino,0
2206,1342,treino,0
2207,2335,treino,0
2208,1759,treino,0
2209,1756,treino,0
2210,1622,treino,0
2211,1990,treino,0
2212,2718,treino,0
2213,1344,treino,0
2214,1984,treino,0
2215,1169,treino,0
2216,1158,treino,0
2217,1176,treino,0
2218,1155,treino,1
2219,1170,teste,0
2220,1744,calibracao,0
2221,1873,treino,0
2222,2693,treino,1
2223,2651,treino,0
2224,2332,treino,0
2225,1119,treino,0
2226,1969,treino,1
2227,2039,treino,1
2228,1140,calibracao,1
2229,1149,treino,0
2230,1108,calibracao,0
2231,1141,treino,1
2232,1148,treino,0
2233,2714,calibracao,0
2234,1586,treino,0
2235,1151,treino,0
2236,1127,treino,0
2237,1598,treino,0
2238,1269,treino,0
2239,1266,treino,0
2240,2155,treino,0
2241,1071,calibracao,0
2242,2059,treino,0
2243,1070,treino,0
2244,1051,treino,0
2245,2476,treino,0
2246,2231,teste,0
2247,1825,treino,0
2248,1037,teste,0
2249,1237,treino,1
2250,2290,treino,0
2251,1376,treino,0
2252,2414,treino,0
2253,2417,treino,0
2254,1798,treino,0
2255,2468,treino,0
2256,1920,treino,0
2257,2550,treino,0
2258,2215,treino,0
2259,2216,teste,0
2260,2127,teste,0
2261,2369,calibracao,0
2262,2762,treino,0
2263,1923,teste,0
2264,2361,calibracao,0
2265,1796,teste,0
2266,1373,treino,0
2267,1666,teste,0
2268,1372,treino,1
2269,1795,teste,0
2270,2213,treino,0
2271,2289,calibracao,0
2272,2746,calibracao,1
2273,2720,treino,0
2274,2549,teste,0
2275,1509,treino,0
2276,2367,treino,1
2277,2368,treino,1
2278,1368,treino,1
2279,1522,calibracao,0
2280,1771,treino,0
2281,1392,treino,1
2282,1371,treino,0
2283,2761,treino,0
2284,2113,treino,0
2285,1659,calibracao,0
2286,1813,calibracao,0
2287,2119,treino,0
2288,1843,treino,0
2289,1840,calibracao,0
2290,2446,treino,0
2291,1276,teste,0
2292,2387,calibracao,0
2293,1571,treino,0
2294,1558,treino,0
2295,2618,treino,0
2296,2478,treino,0
2297,2236,treino,0
2298,1548,treino,0
2299,1801,treino,1
2300,2079,calibracao,0
2301,1155,treino,0
2302,2248,calibracao,0
2303,2254,treino,0
2304,1462,treino,0
2305,2330,treino,0
2306,1597,teste,0
2307,2449,treino,0
2308,1976,treino,0
2309,1974,treino,0
2310,1861,treino,0
2311,2169,treino,0
2312,2743,treino,0
2313,1599,treino,0
2314,2168,treino,0
2315,1455,teste,0
2316,1125,teste,0
2317,1310,treino,0
2318,1123,teste,1
2319,1456,treino,0
2320,1971,treino,0
2321,2076,treino,0
2322,2722,treino,1
2323,2684,teste,0
2324,2447,calibracao,0
2325,1096,teste,0
2326,2222,calibracao,1
2327,2223,treino,1
2328,1110,calibracao,1
2329,1115,treino,0
2330,1433,treino,0
2331,1110,calibracao,1
2332,1114,calibracao,0
2333,2741,treino,0
2334,1841,treino,0
2335,1293,treino,0
2336,1437,teste,0
2337,1850,calibracao,0
2338,1563,treino,0
2339,1557,treino,0
2340,2318,treino,0
2341,1065,teste,0
2342,2237,teste,0
2343,1259,treino,0
2344,1254,treino,0
2345,2555,teste,0
2346,2371,treino,0
2347,2049,calibracao,0
2348,1247,treino,0
2349,1531,treino,1
2350,2518,treino,0
2351,1928,treino,0
2352,2583,treino,0
2353,2584,calibracao,0
2354,2220,treino,0
2355,2609,treino,0
2356,2294,treino,0
2357,2657,treino,0
2358,2471,calibracao,0
2359,2472,treino,0
2360,2420,treino,0
2361,2552,treino,0
2362,2782,treino,0
2363,2295,treino,0
2364,2551,calibracao,0
2365,2219,treino,0
2366,1926,treino,0
2367,2128,treino,0
2368,1925,treino,1
2369,2218,treino,0
2370,2470,treino,0
2371,2517,treino,0
2372,2777,calibracao,1
2373,2763,treino,0
2374,2656,treino,0
2375,2028,teste,0
2376,2553,teste,1
2377,2554,teste,1
2378,1919,treino,1
2379,2032,calibracao,0
2380,2206,treino,0
2381,1932,treino,1
2382,1922,calibracao,0
2383,2781,teste,0
2384,2427,treino,0
2385,2125,treino,0
2386,2208,calibracao,0
2387,2415,teste,0
2388,2252,treino,0
2389,2246,treino,0
2390,2599,treino,0
2391,1845,treino,0
2392,2567,calibracao,0
2393,2070,treino,0
2394,2061,treino,0
2395,2696,treino,0
2396,2617,treino,0
2397,2481,treino,0
2398,2055,treino,0
2399,2142,teste,1
2400,1583,calibracao,0
2401,1123,teste,0
2402,1842,treino,0
2403,1851,treino,0
2404,1117,treino,0
2405,1965,treino,0
2406,1116,treino,0
2407,2165,treino,0
2408,1445,treino,0
2409,1444,calibracao,0
2410,1294,teste,0
2411,1722,treino,0
2412,2683,treino,0
2413,1120,treino,0
2414,1719,treino,0
2415,1106,teste,0
2416,1100,treino,0
2417,1111,treino,0
2418,1099,treino,1
2419,1109,teste,0
2420,1439,teste,0
2421,1578,treino,0
2422,2643,treino,1
2423,2596,calibracao,0
2424,2163,treino,1
2425,1084,calibracao,0
2426,1712,calibracao,1
2427,1802,teste,1
2428,1089,treino,1
2429,1095,treino,0
2430,1082,treino,0
2431,1089,treino,1
2432,1095,treino,1
2433,2678,treino,0
2434,1274,treino,0
2435,1097,teste,0
2436,1086,treino,0
2437,1280,teste,0
2438,1064,treino,0
2439,1062,treino,0
2440,1947,treino,0
2441,1059,treino,0
2442,1827,teste,0
2443,1058,treino,0
2444,1045,teste,0
2445,2370,calibracao,0
2446,2047,calibracao,0
2447,1544,treino,0
2448,1032,treino,0
2449,1236,treino,1
2450,2360,treino,0
2451,1527,treino,0
2452,2464,teste,0
2453,2466,calibracao,0
2454,1917,teste,0
2455,2514,treino,0
2456,2029,treino,0
2457,2580,calibracao,0
2458,2286,treino,0
2459,2288,calibracao,0
2460,2209,treino,0
2461,2429,treino,0
2462,2770,teste,0
2463,2030,teste,0
2464,2412,treino,0
2465,1916,treino,0
2466,1517,treino,0
2467,1791,calibracao,0
2468,1516,treino,1
2469,1913,calibracao,0
2470,2285,teste,0
2471,2355,calibracao,0
2472,2751,treino,1
2473,2735,treino,0
2474,2579,treino,0
2475,1633,treino,0
2476,2424,calibracao,1
2477,2425,treino,1
2478,1541,treino,1
2479,1648,calibracao,0
2480,1883,treino,0
2481,1511,treino,1
2482,1515,calibracao,0
2483,2773,teste,0
2484,2192,calibracao,0
2485,1784,treino,0
2486,1897,treino,0
2487,2202,calibracao,0
2488,1963,treino,0
2489,1961,treino,0
2490,2490,calibracao,0
2491,1430,teste,0
2492,2443,treino,0
2493,1710,treino,0
2494,1697,treino,0
2495,2639,treino,0
2496,2528,treino,0
2497,2315,treino,0
2498,1685,treino,0
2499,1819,treino,1
2500,1983,treino,0
2501,1173,treino,0
2502,2170,treino,0
2503,2174,treino,0
2504,1325,teste,0
2505,2259,treino,0
2506,1473,calibracao,0
2507,2396,teste,0
2508,1874,treino,0
2509,1875,teste,0
2510,1742,treino,0
2511,2081,teste,0
2512,2731,treino,0
2513,1475,treino,0
2514,2080,treino,0
2515,1318,treino,0
2516,1142,teste,0
2517,1157,treino,0
2518,1140,calibracao,1
2519,1314,treino,0
2520,1864,treino,0
2521,1977,treino,0
2522,2708,treino,1
2523,2668,treino,0
2524,2393,teste,1
2525,1105,treino,0
2526,2132,treino,1
2527,2074,treino,1
2528,1241,calibracao,1
2529,1136,calibracao,0
2530,1282,treino,0
2531,1123,teste,1
2532,1135,treino,0
2533,2726,treino,0
2534,1721,treino,0
2535,1137,teste,0
2536,1288,teste,0
2537,1729,treino,0
2538,1417,treino,0
2539,1414,treino,0
2540,2240,teste,0
2541,1068,calibracao,0
2542,2153,treino,0
2543,1067,treino,0
2544,1049,treino,0
2545,2523,treino,0
2546,2309,treino,0
2547,1941,treino,0
2548,1035,teste,0
2549,1377,teste,1
2550,2461,teste,0
2551,1781,calibracao,0
2552,2544,treino,0
2553,2545,teste,0
2554,2111,calibracao,0
2555,2577,calibracao,0
2556,2198,treino,0
2557,2635,treino,0
2558,2408,treino,0
2559,2409,treino,0
2560,2349,treino,0
2561,2505,treino,0
2562,2780,teste,0
2563,2200,treino,0
2564,2503,calibracao,0
2565,2105,treino,0
2566,1764,calibracao,0
2567,2007,treino,0
2568,1810,treino,1
2569,2104,treino,0
2570,2405,treino,0
2571,2458,calibracao,0
2572,2772,calibracao,1
2573,2752,teste,0
2574,2629,teste,0
2575,1865,treino,0
2576,2521,treino,1
2577,2498,treino,1
2578,1745,teste,1
2579,1884,treino,0
2580,2078,calibracao,0
2581,1746,calibracao,1
2582,1763,treino,0
2583,2778,teste,0
2584,2333,treino,0
2585,1994,treino,0
2586,2134,treino,1
2587,2338,treino,0
2588,2160,calibracao,0
2589,2159,calibracao,0
2590,2560,treino,0
2591,1705,treino,0
2592,2531,treino,0
2593,1952,treino,0
2594,1946,treino,0
2595,2677,treino,0
2596,2588,calibracao,0
2597,2435,treino,0
2598,1935,treino,0
2599,2129,teste,1
2600,1774,treino,0
2601,1220,treino,0
2602,1998,teste,0
2603,2010,calibracao,0
2604,1214,treino,0
2605,2107,treino,0
2606,1213,calibracao,0
2607,2269,treino,0
2608,1640,treino,0
2609,1639,calibracao,0
2610,1506,treino,0
2611,1896,treino,0
2612,2704,treino,0
2613,1217,teste,0
2614,1886,teste,0
2615,1202,teste,0
2616,1197,treino,0
2617,1207,treino,0
2618,1194,calibracao,1
2619,1203,teste,0
2620,1632,calibracao,0
2621,1767,treino,0
2622,2667,teste,1
2623,2630,teste,0
2624,2263,treino,1
2625,1150,teste,0
2626,1869,treino,1
2627,1876,calibracao,1
2628,1244,teste,1
2629,1186,treino,0
2630,1131,teste,0
2631,1173,treino,1
2632,1173,treino,0
2633,2698,treino,0
2634,1465,calibracao,0
2635,1182,treino,0
2636,1159,treino,0
2637,1483,teste,0
2638,1081,teste,0
2639,1079,calibracao,0
2640,2063,treino,0
2641,1077,calibracao,0
2642,1951,treino,0
2643,1074,treino,0
2644,1054,teste,0
2645,2436,calibracao,0
2646,2141,calibracao,0
2647,1691,treino,0
2648,1039,treino,0
2649,1238,calibracao,1
2650,2204,teste,0
2651,1225,treino,0
2652,2347,treino,0
2653,2351,treino,0
2654,1654,treino,0
2655,2410,treino,0
2656,1786,treino,0
2657,2508,treino,0
2658,2115,teste,0
2659,2116,teste,0
2660,2019,teste,0
2661,2303,teste,0
2662,2756,treino,0
2663,1788,treino,0
2664,2280,teste,0
2665,1645,treino,0
2666,1210,treino,0
2667,1512,treino,0
2668,1208,treino,1
2669,1643,calibracao,0
2670,2112,treino,0
2671,2199,treino,0
2672,2739,calibracao,1
2673,2703,teste,0
2674,2501,treino,0
2675,1331,teste,0
2676,2262,treino,1
2677,2301,teste,1
2678,1195,calibracao,1
2679,1355,treino,0
2680,1603,treino,0
2681,1198,treino,1
2682,1205,treino,0
2683,2750,treino,0
2684,1989,treino,0
2685,1498,calibracao,0
2686,1614,treino,0
2687,2001,calibracao,0
2688,1711,treino,0
2689,1709,treino,0
2690,2385,treino,0
2691,1080,treino,0
2692,2322,teste,0
2693,1424,calibracao,0
2694,1408,calibracao,0
2695,2592,calibracao,0
2696,2434,calibracao,0
2697,2148,treino,0
2698,1398,treino,0
2699,1670,treino,1
2700,2185,treino,0
2701,1206,treino,0
2702,2336,treino,0
2703,2341,calibracao,0
2704,1629,treino,0
2705,2400,calibracao,0
2706,1765,calibracao,0
2707,2500,teste,0
2708,2097,teste,0
2709,2098,teste,0
2710,1999,calibracao,0
2711,2300,treino,0
2712,2753,teste,0
2713,1769,treino,0
2714,2264,teste,0
2715,1623,treino,0
2716,1177,calibracao,0
2717,1493,teste,0
2718,1173,treino,1
2719,1619,treino,0
2720,2094,teste,0
2721,2182,treino,0
2722,2737,teste,1
2723,2700,treino,0
2724,2496,treino,1
2725,1300,treino,0
2726,2253,treino,1
2727,2257,treino,1
2728,1242,teste,1
2729,1322,treino,0
2730,1584,treino,0
2731,1156,treino,1
2732,1166,teste,0
2733,2748,treino,0
2734,1972,calibracao,0
2735,1466,calibracao,0
2736,1591,treino,0
2737,1979,treino,0
2738,1706,treino,0
2739,1703,treino,0
2740,2382,teste,0
2741,1073,treino,0
2742,2319,treino,0
2743,1416,calibracao,0
2744,1406,teste,0
2745,2589,teste,0
2746,2430,treino,0
2747,2143,treino,0
2748,1394,treino,0
2749,1542,teste,1
2750,2346,treino,0
2751,1510,treino,0
2752,2455,treino,0
2753,2459,treino,0
2754,1898,calibracao,0
2755,2506,treino,0
2756,2012,calibracao,0
2757,2575,treino,0
2758,2273,teste,0
2759,2277,treino,0
2760,2197,treino,0
2761,2406,treino,0
2762,2774,treino,0
2763,2016,teste,0
2764,2402,treino,0
2765,1893,treino,0
2766,1494,treino,0
2767,1772,calibracao,0
2768,1492,treino,1
2769,1891,treino,0
2770,2271,treino,0
2771,2344,teste,0
2772,2758,treino,1
2773,2732,teste,0
2774,2574,treino,0
2775,1600,treino,0
2776,2422,teste,1
2777,2423,treino,1
2778,1478,treino,1
2779,1621,teste,0
2780,1858,teste,0
2781,1479,treino,1
2782,1489,treino,0
2783,2767,treino,0
2784,2173,calibracao,0
2785,1754,treino,0
2786,1866,calibracao,0
2787,2179,teste,0
2788,1958,treino,0
2789,1954,calibracao,0
2790,2483,treino,0
2791,1421,calibracao,0
2792,2440,treino,0
2793,1704,treino,0
2794,1692,treino,0
2795,2638,calibracao,0
2796,2524,teste,0
2797,2314,treino,0
2798,1681,treino,0
2799,1929,treino,1
2800,2014,calibracao,0
2801,899,teste,0
2802,2187,treino,0
2803,2194,treino,0
2804,1363,calibracao,0
2805,2276,teste,0
2806,1503,calibracao,0
2807,2404,teste,0
2808,1901,treino,0
2809,1904,treino,0
2810,1777,treino,0
2811,2136,treino,0
2812,2734,treino,0
2813,1508,calibracao,0
2814,2101,treino,0
2815,1357,teste,0
2816,885,calibracao,0
2817,1209,treino,0
2818,490,calibracao,1
2819,1354,teste,0
2820,1895,calibracao,0
2821,2004,calibracao,0
2822,2709,treino,1
2823,2670,calibracao,0
2824,2399,treino,0
2825,985,calibracao,0
2826,2083,teste,1
2827,2091,treino,1
2828,874,treino,1
2829,1004,treino,0
2830,1307,treino,0
2831,875,calibracao,1
2832,883,treino,0
2833,2728,teste,0
2834,1736,treino,0
2835,1189,treino,0
2836,1320,treino,0
2837,1751,treino,0
2838,1427,teste,0
2839,1423,treino,0
2840,2242,calibracao,0
2841,811,treino,0
2842,2157,calibracao,0
2843,1076,calibracao,0
2844,1056,treino,0
2845,2526,calibracao,0
2846,2312,treino,0
2847,1945,treino,0
2848,1041,teste,0
2849,1379,calibracao,1
2850,1970,treino,0
2851,850,treino,0
2852,2166,treino,0
2853,2167,treino,0
2854,1299,treino,0
2855,2249,treino,0
2856,1449,calibracao,0
2857,2391,teste,0
2858,1854,treino,0
2859,1855,treino,0
2860,1727,teste,0
2861,2075,treino,0
2862,2730,calibracao,0
2863,1453,treino,0
2864,2071,teste,0
2865,1296,treino,0
2866,833,treino,0
2867,1124,treino,0
2868,296,treino,1
2869,1291,teste,0
2870,1852,calibracao,0
2871,1966,treino,0
2872,2707,treino,1
2873,2665,calibracao,0
2874,2389,calibracao,1
2875,943,treino,0
2876,2130,treino,1
2877,2068,treino,1
2878,828,treino,1
2879,952,teste,0
2880,1273,teste,0
2881,829,treino,1
2882,831,treino,0
2883,2725,treino,0
2884,1713,treino,0
2885,1101,treino,0
2886,1277,treino,0
2887,1717,treino,0
2888,1412,treino,0
2889,1411,calibracao,0
2890,2238,treino,0
2891,805,teste,0
2892,2151,teste,0
2893,1061,calibracao,0
2894,1048,teste,0
2895,2522,treino,0
2896,2307,treino,0
2897,1937,treino,0
2898,1033,teste,0
2899,1246,treino,1
2900,2364,treino,0
2901,1530,treino,0
2902,2467,teste,0
2903,2469,treino,0
2904,1927,treino,0
2905,2516,calibracao,0
2906,2033,treino,0
2907,2582,treino,0
2908,2292,treino,0
2909,2293,calibracao,0
2910,2217,calibracao,0
2911,2419,treino,0
2912,2771,treino,0
2913,2034,treino,0
2914,2418,teste,0
2915,1924,treino,0
2916,1529,treino,0
2917,1800,calibracao,0
2918,1526,calibracao,1
2919,1921,calibracao,0
2920,2291,treino,0
2921,2363,treino,0
2922,2760,treino,1
2923,2736,treino,0
2924,2581,treino,0
2925,1655,treino,0
2926,2426,treino,1
2927,2428,teste,1
2928,1523,calibracao,1
2929,1664,calibracao,0
2930,1906,treino,0
2931,1524,treino,1
2932,1525,treino,0
2933,2768,treino,0
2934,2207,calibracao,0
2935,1793,calibracao,0
2936,1910,treino,0
2937,2210,treino,0
2938,1968,calibracao,0
2939,1964,teste,0
2940,2492,treino,0
2941,1436,treino,0
2942,2445,calibracao,0
2943,1715,teste,0
2944,1699,teste,0
2945,2640,treino,0
2946,2529,treino,0
2947,2317,teste,0
2948,1689,treino,0
2949,1823,treino,1
2950,2547,treino,0
2951,2022,teste,0
2952,2604,treino,0
2953,2607,teste,0
2954,2282,treino,0
2955,2632,teste,0
2956,2350,treino,0
2957,2673,calibracao,0
2958,2510,treino,0
2959,2511,treino,0
2960,2462,treino,0
2961,2578,treino,0
2962,2784,treino,0
2963,2353,treino,0
2964,2576,calibracao,0
2965,2281,teste,0
2966,2008,teste,0
2967,2201,treino,0
2968,2006,treino,1
2969,2279,treino,0
2970,2507,calibracao,0
2971,2546,treino,0
2972,2779,teste,1
2973,2769,treino,0
2974,2671,teste,0
2975,2089,treino,0
2976,2586,treino,1
2977,2587,treino,1
2978,1996,treino,1
2979,2102,calibracao,0
2980,2256,treino,0
2981,1997,calibracao,1
2982,2005,treino,0
2983,2783,treino,0
2984,2453,teste,0
2985,2189,treino,0
2986,2261,treino,0
2987,2456,treino,0
2988,2326,treino,0
2989,2324,treino,0
2990,2634,calibracao,1
2991,1956,teste,0
2992,2594,teste,0
2993,2158,treino,0
2994,2150,treino,0
2995,2712,calibracao,0
2996,2637,treino,0
2997,2527,teste,0
2998,2137,treino,0
2999,2296,calibracao,1
3000,1495,treino,0
3001,505,teste,0
3002,1747,teste,0
3003,1766,treino,0
3004,764,treino,0
3005,1888,treino,0
3006,888,calibracao,0
3007,2096,treino,0
3008,1350,treino,0
3009,1351,treino,0
3010,1201,calibracao,0
3011,1628,treino,0
3012,2672,treino,0
3013,893,treino,0
3014,1620,calibracao,0
3015,760,calibracao,0
3016,477,calibracao,0
3017,651,treino,0
3018,470,calibracao,1
3019,756,treino,0
3020,1345,treino,0
3021,1488,treino,0
3022,2624,calibracao,1
3023,2573,treino,0
3024,2088,treino,1
3025,364,treino,0
3026,1677,calibracao,1
3027,1604,teste,1
3028,440,teste,1
3029,454,treino,0
3030,719,treino,0
3031,444,treino,1
3032,467,treino,0
3033,2674,treino,0
3034,1139,teste,0
3035,638,treino,0
3036,732,teste,0
3037,1160,teste,0
3038,814,teste,0
3039,810,calibracao,0
3040,1836,treino,0
3041,138,treino,0
3042,1700,teste,0
3043,574,teste,0
3044,566,treino,0
3045,2313,teste,0
3046,1942,teste,0
3047,1405,treino,0
3048,560,treino,0
3049,779,teste,1
3050,2195,calibracao,0
3051,1221,teste,0
3052,2342,treino,0
3053,2345,treino,0
3054,1641,treino,0
3055,2407,treino,0
3056,1775,calibracao,0
3057,2502,treino,0
3058,2109,treino,0
3059,2110,treino,0
3060,2015,teste,0
3061,2272,treino,0
3062,2754,calibracao,0
3063,1780,treino,0
3064,2270,treino,0
3065,1636,treino,0
3066,1199,teste,0
3067,1500,treino,0
3068,1194,calibracao,1
3069,1635,teste,0
3070,2103,treino,0
3071,2191,teste,0
3072,2738,calibracao,1
3073,2701,treino,0
3074,2499,teste,0
3075,1313,treino,0
3076,2298,treino,1
3077,2260,treino,1
3078,1174,treino,1
3079,1341,treino,0
3080,1590,calibracao,0
3081,1175,treino,1
3082,1192,treino,0
3083,2749,calibracao,0
3084,1978,calibracao,0
3085,1486,treino,0
3086,1605,teste,0
3087,1991,teste,0
3088,1708,treino,0
3089,1707,calibracao,0
3090,2383,treino,0
3091,1078,teste,0
3092,2321,treino,0
3093,1419,treino,0
3094,1407,teste,0
3095,2590,treino,0
3096,2432,teste,0
3097,2145,treino,0
3098,1395,treino,0
3099,1668,treino,1
3100,2195,calibracao,0
3101,1221,teste,0
3102,2342,treino,0
3103,2345,treino,0
3104,1641,treino,0
3105,2407,treino,0
3106,1775,calibracao,0
3107,2502,treino,0
3108,2109,treino,0
3109,2110,treino,0
3110,2015,teste,0
3111,2272,treino,0
3112,2755,treino,0
3113,1780,treino,0
3114,2270,treino,0
3115,1636,treino,0
3116,1199,teste,0
3117,1500,treino,0
3118,1194,calibracao,1
3119,1635,teste,0
3120,2103,treino,0
3121,2191,teste,0
3122,2738,calibracao,1
3123,2702,treino,0
3124,2499,teste,0
3125,1313,treino,0
3126,2298,treino,1
3127,2299,treino,1
3128,1174,treino,1
3129,1341,treino,0
3130,1590,calibracao,0
3131,1245,teste,1
3132,1192,treino,0
3133,2749,calibracao,0
3134,1978,calibracao,0
3135,1486,treino,0
3136,1605,teste,0
3137,1991,teste,0
3138,1708,treino,0
3139,1707,calibracao,0
3140,2383,treino,0
3141,1078,teste,0
3142,2321,treino,0
3143,1419,treino,0
3144,1407,teste,0
3145,2590,treino,0
3146,2432,teste,0
3147,2145,treino,0
3148,1395,treino,0
3149,1668,treino,1
